,Rete,GC %,D,<l>,C,<k>,<k^2>/<k>,f
0,Tim,1.0,2,1.9633666257812044,0.8948023060778048,64.29157175398633,358.73841411564626,0.9972046613935155
1,Vodafone,1.0,2,1.970121894808704,0.8722071355007487,52.88424618859401,243.25326186764613,0.9958720886055753
2,Wind,1.0,2,1.9588213620087072,0.8879130653782077,97.34630021141649,477.7431544930155,0.9979024344857905
3,Tre,1.0,2,1.970320318003939,0.8802445620268542,41.37347670250896,239.4186360801164,0.9958056970023771
4,Roma,1.0,2,1.9671778707440641,0.8891666657428096,239.14203375874845,1353.163122594151,0.9992604442590614
