relativeGiantClusterSize,diameter,percentuale
1.0,2,0
0.9448028673835125,31,10
0.5814516129032258,28,20
0.2645161290322581,21,30
0.12043010752688173,14,40
0.07612903225806451,9,50
0.05,6,60
0.06236559139784946,6,70
0.02903225806451613,2,80
0.025806451612903226,3,90
0.0,0,100
