relativeGiantClusterSize,diameter,percentuale
1.0,0,0
0.973953013279,0,10
0.863218390805,0,20
0.551543007223,0,30
0.241379310345,0,40
0.1875,0,50
0.187356321839,0,60
0.16539050536,0,70
0.144827586207,0,80
0.100917431193,0,90
0.0,0,100
