relativeGiantClusterSize,diameter,percentuale
1.0,2,0
0.8826013513513513,28,10
0.3431558935361217,21,20
0.2888165038002172,24,30
0.24968314321926488,14,40
0.196048632218845,15,50
0.10076045627376426,11,60
0.06582278481012659,5,70
0.034220532319391636,4,80
0.03787878787878788,1,90
0.0,0,100
