relativeGiantClusterSize,diameter,percentuale
1.0,0,0
0.882601351351,0,10
0.343155893536,0,20
0.2888165038,0,30
0.249683143219,0,40
0.196048632219,0,50
0.100760456274,0,60
0.0658227848101,0,70
0.0342205323194,0,80
0.0378787878788,0,90
0.0,0,100
